Num, Model, wALL, wNOTHING, wLEFT, wIN, Alpha, Beta, Gamma, Delta, Epsilon, Zeta
0,MB,0.007440005019509215,0.012454597150404641,0.010786517162715385,0.0058006294588880646,0,0,0,0,0,0
0,WS,0.0003188711883553644,0.010299533842124295,0.006652270050406081,0.003911378007830106,499.51419259640335,500,3.430524866216885,0,0,0
0,FR,0.007649270371610919,0.002812831651880489,0.008591820967157094,0.0104798159890513,369.8112302273391,500,17.52349579868325,134.83939119032894,500,0.8968406137216054
