"model","MB","WS","FR","MB","WS","FR","MB","WS","FR","MB","WS","FR","MB","WS","FR","MB","WS","FR","MB","WS","FR","MB","WS","FR","MB","WS","FR","MB","WS","FR"
"MBiases",7724.11286103945,8091.46963857406,10000,8933.04693303804,10000,10000,8200.10973476929,10000,10000,5934.60645376379,10000,10000,6701.08628674963,10000,6361.4471578853,8811.82401995622,10000,10000,4068.1251347484,10000,10000,6452.69522068861,10000,6784.18333975664,8314.17171420391,10000,6340.93853111978,5885.12422046954,10000,10000
"WSLS",10000,5181.64819148729,10000,8933.04693342645,10000,10000,10000,3477.55106427982,10000,5932.91573391264,4494.8279001007,10000,10000,4390.07878804627,10000,10000,4853.65086286372,10000,10000,3187.60266537676,10000,6452.69522133263,4338.52339054718,6361.8253472464,10000,3079.70449763808,6307.15568119764,5885.12422069164,3213.80501041376,10000
"FRA",8008.29513951904,5585.18428200997,4878.11140863015,9248.72660683985,10000,10000,8629.02436097031,5225.72703624074,10000,6140.97305136569,5904.08313101564,10000,6706.48891597597,5664.22381219982,5719.15867633539,8825.35890188954,6059.34280777008,10000,4273.57738762539,4903.61886411998,10000,6457.30270446175,5716.67257552612,5531.71942413408,8325.17842278314,4900.85911189997,5412.97436250309,6023.19263578317,4578.8334656248,10000
