"model","M1","M2","M3"
"MBiases",7924.7813443377,10000,10000
"WSLS",10000,4904.76759264584,10000
"FRA",7924.69118309868,6159.56033198424,10000
