"par","value","feval","restarts","convergence","message"
0.0999969419719349,6748.97929056897,2000,2,1,"Maximum number of fevals exceeded"
0.0328328516895615,6748.97929056897,2000,2,1,"Maximum number of fevals exceeded"
0.0683072528614623,6748.97929056897,2000,2,1,"Maximum number of fevals exceeded"
0.064818259501916,6748.97929056897,2000,2,1,"Maximum number of fevals exceeded"
916.798497127606,6748.97929056897,2000,2,1,"Maximum number of fevals exceeded"
14.8165584243863,6748.97929056897,2000,2,1,"Maximum number of fevals exceeded"
28.3001309303767,6748.97929056897,2000,2,1,"Maximum number of fevals exceeded"
71.9236431260469,6748.97929056897,2000,2,1,"Maximum number of fevals exceeded"
184.644791717207,6748.97929056897,2000,2,1,"Maximum number of fevals exceeded"
0.992218339463608,6748.97929056897,2000,2,1,"Maximum number of fevals exceeded"
