"par","value","feval","restarts","convergence","message"
0.0949146662496502,8200.10973476929,190,0,0,"Successful convergence"
0.0844088874886372,8200.10973476929,190,0,0,"Successful convergence"
0.0473301201694414,8200.10973476929,190,0,0,"Successful convergence"
0.0593211468404216,8200.10973476929,190,0,0,"Successful convergence"
