"par","value","feval","restarts","convergence","message"
0.00915283802625527,2675.8679493927,204,0,0,"Successful convergence"
0.0108477426430453,2675.8679493927,204,0,0,"Successful convergence"
0.010720766253039,2675.8679493927,204,0,0,"Successful convergence"
0.00991501630539224,2675.8679493927,204,0,0,"Successful convergence"
