"par","value","feval","restarts","convergence","message"
0.0127112911926484,3659.03745881628,188,0,0,"Successful convergence"
0.00762762606641697,3659.03745881628,188,0,0,"Successful convergence"
0.0165255009033403,3659.03745881628,188,0,0,"Successful convergence"
0.0194914081068063,3659.03745881628,188,0,0,"Successful convergence"
