"par","value","feval","restarts","convergence","message"
0.0457632352501142,7924.7813443377,190,0,0,"Successful convergence"
0.0533889606825992,7924.7813443377,190,0,0,"Successful convergence"
0.0502540241917593,7924.7813443377,190,0,0,"Successful convergence"
0.0519505684752203,7924.7813443377,190,0,0,"Successful convergence"
