"par","value","feval","restarts","convergence","message"
0.076782220577655,8811.82401995622,454,1,0,"Successful convergence"
0.0249143600849444,8811.82401995622,454,1,0,"Successful convergence"
0.0763550077606069,8811.82401995622,454,1,0,"Successful convergence"
0.0533901326363919,8811.82401995622,454,1,0,"Successful convergence"
