"par","value","feval","restarts","convergence","message"
0.000677994079008881,1571.93314297646,223,0,0,"Successful convergence"
0.0111867157570376,1571.93314297646,223,0,0,"Successful convergence"
0.00402534145025832,1571.93314297646,223,0,0,"Successful convergence"
0.00847402617769946,1571.93314297646,223,0,0,"Successful convergence"
