"par","value","feval","restarts","convergence","message"
0.00932131925263143,4068.1251347484,170,0,0,"Successful convergence"
0.0799986169234114,4068.1251347484,170,0,0,"Successful convergence"
0.00851698150034025,4068.1251347484,170,0,0,"Successful convergence"
0.0238980811151684,4068.1251347484,170,0,0,"Successful convergence"
