"par","value","feval","restarts","convergence","message"
0.0127118800019815,3351.5985585731,188,0,0,"Successful convergence"
0.0179662384270507,3351.5985585731,188,0,0,"Successful convergence"
0.00906744759728897,3351.5985585731,188,0,0,"Successful convergence"
0.0238984048822645,3351.5985585731,188,0,0,"Successful convergence"
