"par","value","feval","restarts","convergence","message"
0.0920350618087659,8314.17171420391,207,0,0,"Successful convergence"
0.0971180633553258,8314.17171420391,207,0,0,"Successful convergence"
0.0838982845765311,8314.17171420391,207,0,0,"Successful convergence"
0.0746622720974072,8314.17171420391,207,0,0,"Successful convergence"
