"par","value","feval","restarts","convergence","message"
0.0457636321286754,7924.78134440673,331,0,0,"Successful convergence"
0.0533906081260131,7924.78134440673,331,0,0,"Successful convergence"
0.0502536223985282,7924.78134440673,331,0,0,"Successful convergence"
0.0519504361738969,7924.78134440673,331,0,0,"Successful convergence"
