"par","value","feval","restarts","convergence","message"
0.000169430036579205,5460.46919809545,187,0,0,"Successful convergence"
0.0206789606929177,5460.46919809545,187,0,0,"Successful convergence"
0.032626985801172,5460.46919809545,187,0,0,"Successful convergence"
0.032627604261664,5460.46919809545,187,0,0,"Successful convergence"
