"par","value","feval","restarts","convergence","message"
0.0132205837835314,1534.6118501828,245,0,0,"Successful convergence"
0.00186462914755918,1534.6118501828,245,0,0,"Successful convergence"
0.00279667959496409,1534.6118501828,245,0,0,"Successful convergence"
0.00881344115141383,1534.6118501828,245,0,0,"Successful convergence"
