"par","value","feval","restarts","convergence","message"
0.0728807061912603,5934.60645376379,156,0,0,"Successful convergence"
0.0364409542728938,5934.60645376379,156,0,0,"Successful convergence"
0.0409750616716044,5934.60645376379,156,0,0,"Successful convergence"
0.00067797568838805,5934.60645376379,156,0,0,"Successful convergence"
