"par","value","feval","restarts","convergence","message"
0.0220337292953641,2448.59738918156,203,0,0,"Successful convergence"
0.0135590726650491,2448.59738918156,203,0,0,"Successful convergence"
0.00703359674885104,2448.59738918156,203,0,0,"Successful convergence"
0.00720327094625917,2448.59738918156,203,0,0,"Successful convergence"
