"par","value","feval","restarts","convergence","message"
0.0999999991732858,1453.36375942297,273,0,0,"Successful convergence"
0.0834571615126671,1453.36375942297,273,0,0,"Successful convergence"
0.04955193736718,1453.36375942297,273,0,0,"Successful convergence"
0.00568978936810386,1453.36375942297,273,0,0,"Successful convergence"
