"par","value","feval","restarts","convergence","message"
0.043049799946476,6701.08628674963,272,0,0,"Successful convergence"
0.0623712385069778,6701.08628674963,272,0,0,"Successful convergence"
0.0386023633198423,6701.08628674963,272,0,0,"Successful convergence"
0.02576217086551,6701.08628674963,272,0,0,"Successful convergence"
