"par","value","feval","restarts","convergence","message"
0.0264404998613684,4120.26195640303,206,0,0,"Successful convergence"
0.0374584106042188,4120.26195640303,206,0,0,"Successful convergence"
0.00508480073521882,4120.26195640303,206,0,0,"Successful convergence"
0.0369478906298222,4120.26195640303,206,0,0,"Successful convergence"
