"par","value","feval","restarts","convergence","message"
0.0896634149064948,8933.04693313659,160,0,0,"Successful convergence"
0.00711845727197352,8933.04693313659,160,0,0,"Successful convergence"
0.0844062468515131,8933.04693313659,160,0,0,"Successful convergence"
0.0622020233814423,8933.04693313659,160,0,0,"Successful convergence"
