"par","value","feval","restarts","convergence","message"
0.00576273184448209,4437.5392305956,306,0,0,"Successful convergence"
0.017966791337509,4437.5392305956,306,0,0,"Successful convergence"
0.0074150940699802,4437.5392305956,306,0,0,"Successful convergence"
0.0647450982929457,4437.5392305956,306,0,0,"Successful convergence"
