"par","value","feval","restarts","convergence","message"
0.0862722231485279,6452.69522068861,220,0,0,"Successful convergence"
0.0166108683442261,6452.69522068861,220,0,0,"Successful convergence"
0.0102966684938297,6452.69522068861,220,0,0,"Successful convergence"
0.0918656159620762,6452.69522068861,220,0,0,"Successful convergence"
