"par","value","feval","restarts","convergence","message"
0.00203426421864419,3688.49982199763,213,0,0,"Successful convergence"
0.0150847713436744,3688.49982199763,213,0,0,"Successful convergence"
0.0184326754711703,3688.49982199763,213,0,0,"Successful convergence"
0.0184747029307542,3688.49982199763,213,0,0,"Successful convergence"
