"par","value","feval","restarts","convergence","message"
0.010168634970773,5103.72861384005,408,0,0,"Successful convergence"
0.00983065104393465,5103.72861384005,408,0,0,"Successful convergence"
0.0206779370962309,5103.72861384005,408,0,0,"Successful convergence"
0.0475431012445467,5103.72861384005,408,0,0,"Successful convergence"
