"par","value","feval","restarts","convergence","message"
0.00203382074930943,1089.47471839749,192,0,0,"Successful convergence"
0.00813502719323523,1089.47471839749,192,0,0,"Successful convergence"
0.000339006514369078,1089.47471839749,192,0,0,"Successful convergence"
0.0100005672976897,1089.47471839749,192,0,0,"Successful convergence"
