"par","value","feval","restarts","convergence","message"
0.00932288409915799,1887.22532971073,155,0,0,"Successful convergence"
0.00491490360048124,1887.22532971073,155,0,0,"Successful convergence"
0.00457629612362461,1887.22532971073,155,0,0,"Successful convergence"
0.0111017314802264,1887.22532971073,155,0,0,"Successful convergence"
