"par","value","feval","restarts","convergence","message"
0.0896602328334579,8933.04693303804,236,0,0,"Successful convergence"
0.00711889801197831,8933.04693303804,236,0,0,"Successful convergence"
0.0844080261799583,8933.04693303804,236,0,0,"Successful convergence"
0.0622030001317387,8933.04693303804,236,0,0,"Successful convergence"
