"par","value","feval","restarts","convergence","message"
0.0133905265321724,2343.35630048253,163,0,0,"Successful convergence"
0.0033896315579845,2343.35630048253,163,0,0,"Successful convergence"
0.00572030838229314,2343.35630048253,163,0,0,"Successful convergence"
0.0169495892148071,2343.35630048253,163,0,0,"Successful convergence"
