"par","value","feval","restarts","convergence","message"
0.00966057718875619,2121.23195658311,193,0,0,"Successful convergence"
0.00932196805561639,2121.23195658311,193,0,0,"Successful convergence"
0.00813581406485914,2121.23195658311,193,0,0,"Successful convergence"
0.00533945268367598,2121.23195658311,193,0,0,"Successful convergence"
