"par","value","feval","restarts","convergence","message"
0.0999999994132825,1472.30146121651,252,0,0,"Successful convergence"
0.0831990322716846,1472.30146121651,252,0,0,"Successful convergence"
0.050103910459795,1472.30146121651,252,0,0,"Successful convergence"
0.00567336224138866,1472.30146121651,252,0,0,"Successful convergence"
