"par","value","feval","restarts","convergence","message"
0.0291517852735646,5885.12422046954,191,0,0,"Successful convergence"
0.0015250505712519,5885.12422046954,191,0,0,"Successful convergence"
0.0163558185542022,5885.12422046954,191,0,0,"Successful convergence"
0.0873728233667698,5885.12422046954,191,0,0,"Successful convergence"
