"par","value","feval","restarts","convergence","message"
0.00813510556798202,2409.81770261594,194,0,0,"Successful convergence"
0.00932115136588578,2409.81770261594,194,0,0,"Successful convergence"
0.0102967910610981,2409.81770261594,194,0,0,"Successful convergence"
0.00728823998187965,2409.81770261594,194,0,0,"Successful convergence"
