"par","value","feval","restarts","convergence","message"
0.0115250949379752,4202.67700039901,198,0,0,"Successful convergence"
0.028135494018417,4202.67700039901,198,0,0,"Successful convergence"
0.0211441599007557,4202.67700039901,198,0,0,"Successful convergence"
0.0133892299495167,4202.67700039901,198,0,0,"Successful convergence"
