"par","value","feval","restarts","convergence","message"
0.0981363126766797,7724.11286103945,185,0,0,"Successful convergence"
0.0505090308782279,7724.11286103945,185,0,0,"Successful convergence"
0.0324575981047443,7724.11286103945,185,0,0,"Successful convergence"
0.061018131683639,7724.11286103945,185,0,0,"Successful convergence"
