"par","value","feval","restarts","convergence","message"
0.00694888406093921,2283.43020713577,215,0,0,"Successful convergence"
0.00271208562425297,2283.43020713577,215,0,0,"Successful convergence"
0.0105083733335378,2283.43020713577,215,0,0,"Successful convergence"
0.0087281609567558,2283.43020713577,215,0,0,"Successful convergence"
