"par","value","feval","restarts","convergence","message"
0.00745772497818377,1501.61128981311,271,0,0,"Successful convergence"
0.00389850871871427,1501.61128981311,271,0,0,"Successful convergence"
0.0024577846526902,1501.61128981311,271,0,0,"Successful convergence"
0.0106782693947333,1501.61128981311,271,0,0,"Successful convergence"
