"par","value","feval","restarts","convergence","message"
0.0999999989906724,1453.36375978978,258,0,0,"Successful convergence"
0.0834542693816295,1453.36375978978,258,0,0,"Successful convergence"
0.0495528003190089,1453.36375978978,258,0,0,"Successful convergence"
0.00568896227630515,1453.36375978978,258,0,0,"Successful convergence"
