"par","value","feval","restarts","convergence","message"
0.00322053525411626,8091.46963857406,173,0,0,"Successful convergence"
0.0108474499948073,8091.46963857406,173,0,0,"Successful convergence"
0.0555924603334952,8091.46963857406,173,0,0,"Successful convergence"
0.0846614579332657,8091.46963857406,173,0,0,"Successful convergence"
