"par","value","feval","restarts","convergence","message"
0.045761175377125,7924.7813443964,174,0,0,"Successful convergence"
0.0533890894788277,7924.7813443964,174,0,0,"Successful convergence"
0.0502539614307435,7924.7813443964,174,0,0,"Successful convergence"
0.0519484504789562,7924.7813443964,174,0,0,"Successful convergence"
