"par","value","feval","restarts","convergence","message"
0.00916289622987321,2044.98799720878,561,0,0,"Successful convergence"
0.00880708636088606,2044.98799720878,561,0,0,"Successful convergence"
0.00847287275852347,2044.98799720878,561,0,0,"Successful convergence"
0.00589442566564156,2044.98799720878,561,0,0,"Successful convergence"
9.10018991255454,2044.98799720878,561,0,0,"Successful convergence"
499.897761184602,2044.98799720878,561,0,0,"Successful convergence"
16.958387240129,2044.98799720878,561,0,0,"Successful convergence"
