"par","value","feval","restarts","convergence","message"
0.099889709931454,6657.30896924042,223,3,2,"Stagnation in Nelder-Mead"
0.0995015834662833,6657.30896924042,223,3,2,"Stagnation in Nelder-Mead"
0.099999906067169,6657.30896924042,223,3,2,"Stagnation in Nelder-Mead"
0.0999771130292227,6657.30896924042,223,3,2,"Stagnation in Nelder-Mead"
1.0888607042692,6657.30896924042,223,3,2,"Stagnation in Nelder-Mead"
499.009330043066,6657.30896924042,223,3,2,"Stagnation in Nelder-Mead"
28.0051386613211,6657.30896924042,223,3,2,"Stagnation in Nelder-Mead"
