"par","value","feval","restarts","convergence","message"
0.000678124586537232,1571.79569668186,1053,0,0,"Successful convergence"
0.0111536240134656,1571.79569668186,1053,0,0,"Successful convergence"
0.004008202558371,1571.79569668186,1053,0,0,"Successful convergence"
0.0084760036247237,1571.79569668186,1053,0,0,"Successful convergence"
0.00276922908282184,1571.79569668186,1053,0,0,"Successful convergence"
499.85252716826,1571.79569668186,1053,0,0,"Successful convergence"
13.8163058470629,1571.79569668186,1053,0,0,"Successful convergence"
