"par","value","feval","restarts","convergence","message"
0.00694878248133268,645.994457463846,509,0,0,"Successful convergence"
0.000169382735517948,645.994457463846,509,0,0,"Successful convergence"
0.00131364671081274,645.994457463846,509,0,0,"Successful convergence"
0.00186428468615348,645.994457463846,509,0,0,"Successful convergence"
2.83780776655362e-08,645.994457463846,509,0,0,"Successful convergence"
499.999999962478,645.994457463846,509,0,0,"Successful convergence"
31.9999984977401,645.994457463846,509,0,0,"Successful convergence"
