"par","value","feval","restarts","convergence","message"
0.099979295261606,3213.80501041376,568,3,2,"Stagnation in Nelder-Mead"
0.0258801555340491,3213.80501041376,568,3,2,"Stagnation in Nelder-Mead"
0.00149165425150868,3213.80501041376,568,3,2,"Stagnation in Nelder-Mead"
0.0766438949423629,3213.80501041376,568,3,2,"Stagnation in Nelder-Mead"
15.4544542321765,3213.80501041376,568,3,2,"Stagnation in Nelder-Mead"
499.999998423932,3213.80501041376,568,3,2,"Stagnation in Nelder-Mead"
18.0119354719671,3213.80501041376,568,3,2,"Stagnation in Nelder-Mead"
