"par","value","feval","restarts","convergence","message"
0.0981874920264427,4390.07878804627,434,3,2,"Stagnation in Nelder-Mead"
0.0525105312608417,4390.07878804627,434,3,2,"Stagnation in Nelder-Mead"
0.0245609306545559,4390.07878804627,434,3,2,"Stagnation in Nelder-Mead"
0.0586894315010421,4390.07878804627,434,3,2,"Stagnation in Nelder-Mead"
13.7171246083239,4390.07878804627,434,3,2,"Stagnation in Nelder-Mead"
499.072293534939,4390.07878804627,434,3,2,"Stagnation in Nelder-Mead"
29.0024295397641,4390.07878804627,434,3,2,"Stagnation in Nelder-Mead"
