"par","value","feval","restarts","convergence","message"
0.0999856221757812,4338.52339054718,337,3,2,"Stagnation in Nelder-Mead"
0.0520208931220764,4338.52339054718,337,3,2,"Stagnation in Nelder-Mead"
0.0715775060732573,4338.52339054718,337,3,2,"Stagnation in Nelder-Mead"
0.0274357677274473,4338.52339054718,337,3,2,"Stagnation in Nelder-Mead"
9.75564009294813,4338.52339054718,337,3,2,"Stagnation in Nelder-Mead"
499.981825345723,4338.52339054718,337,3,2,"Stagnation in Nelder-Mead"
28.0014027276789,4338.52339054718,337,3,2,"Stagnation in Nelder-Mead"
