"par","value","feval","restarts","convergence","message"
0.0274440234989137,2162.23989505197,179,3,2,"Stagnation in Nelder-Mead"
0.0721472501589841,2162.23989505197,179,3,2,"Stagnation in Nelder-Mead"
0.0659231527815222,2162.23989505197,179,3,2,"Stagnation in Nelder-Mead"
0.094950250909359,2162.23989505197,179,3,2,"Stagnation in Nelder-Mead"
18.5899116453633,2162.23989505197,179,3,2,"Stagnation in Nelder-Mead"
499.807121822727,2162.23989505197,179,3,2,"Stagnation in Nelder-Mead"
14.0053039348123,2162.23989505197,179,3,2,"Stagnation in Nelder-Mead"
