"par","value","feval","restarts","convergence","message"
0.086272449120631,6452.69522133263,543,0,0,"Successful convergence"
0.0166104963566442,6452.69522133263,543,0,0,"Successful convergence"
0.0102965414251372,6452.69522133263,543,0,0,"Successful convergence"
0.091862623598547,6452.69522133263,543,0,0,"Successful convergence"
1.23086540959605e-08,6452.69522133263,543,0,0,"Successful convergence"
500,6452.69522133263,543,0,0,"Successful convergence"
31.9999986284183,6452.69522133263,543,0,0,"Successful convergence"
