"par","value","feval","restarts","convergence","message"
0.0018074704306735,2209.8488292414,402,0,0,"Successful convergence"
0.0036186434745383,2209.8488292414,402,0,0,"Successful convergence"
0.0103551856993322,2209.8488292414,402,0,0,"Successful convergence"
0.0115743235053991,2209.8488292414,402,0,0,"Successful convergence"
11.0082588758631,2209.8488292414,402,0,0,"Successful convergence"
499.997553178293,2209.8488292414,402,0,0,"Successful convergence"
29.6839200638261,2209.8488292414,402,0,0,"Successful convergence"
