"par","value","feval","restarts","convergence","message"
0.00532585915261856,2071.50080291891,994,1,0,"Successful convergence"
0.0114333884743463,2071.50080291891,994,1,0,"Successful convergence"
0.0069579887083235,2071.50080291891,994,1,0,"Successful convergence"
0.0111742861157193,2071.50080291891,994,1,0,"Successful convergence"
13.665025739954,2071.50080291891,994,1,0,"Successful convergence"
499.080267060666,2071.50080291891,994,1,0,"Successful convergence"
6.060244600016,2071.50080291891,994,1,0,"Successful convergence"
