"par","value","feval","restarts","convergence","message"
0.0999999999997386,6292.41954542246,404,0,0,"Successful convergence"
0.0999999999999929,6292.41954542246,404,0,0,"Successful convergence"
0.0999999999995967,6292.41954542246,404,0,0,"Successful convergence"
0.0999999999988761,6292.41954542246,404,0,0,"Successful convergence"
0.0587458018170284,6292.41954542246,404,0,0,"Successful convergence"
67.2048202069195,6292.41954542246,404,0,0,"Successful convergence"
7.53852160465859,6292.41954542246,404,0,0,"Successful convergence"
