"par","value","feval","restarts","convergence","message"
0.00748874198451914,1635.80324768586,579,0,0,"Successful convergence"
0.00658151336268599,1635.80324768586,579,0,0,"Successful convergence"
0.00415541325402451,1635.80324768586,579,0,0,"Successful convergence"
0.00805064838775464,1635.80324768586,579,0,0,"Successful convergence"
7.08156417562514,1635.80324768586,579,0,0,"Successful convergence"
499.765177941634,1635.80324768586,579,0,0,"Successful convergence"
17.3886725504235,1635.80324768586,579,0,0,"Successful convergence"
