"par","value","feval","restarts","convergence","message"
0.0981720279229814,3079.70449774517,810,1,0,"Successful convergence"
0.0752582446723186,3079.70449774517,810,1,0,"Successful convergence"
0.0670774792910441,3079.70449774517,810,1,0,"Successful convergence"
0.00344504541834836,3079.70449774517,810,1,0,"Successful convergence"
15.2155600981454,3079.70449774517,810,1,0,"Successful convergence"
998.895738367607,3079.70449774517,810,1,0,"Successful convergence"
11.8951480207199,3079.70449774517,810,1,0,"Successful convergence"
