"par","value","feval","restarts","convergence","message"
0.1,6474.73248531325,457,0,0,"Successful convergence"
2.00091546038728e-05,6474.73248531325,457,0,0,"Successful convergence"
0.1,6474.73248531325,457,0,0,"Successful convergence"
0.0999999998869905,6474.73248531325,457,0,0,"Successful convergence"
1.0010085752554,6474.73248531325,457,0,0,"Successful convergence"
499.999999999936,6474.73248531325,457,0,0,"Successful convergence"
31.9116331632029,6474.73248531325,457,0,0,"Successful convergence"
