"par","value","feval","restarts","convergence","message"
0.0150346216711338,4853.65086286372,377,0,0,"Successful convergence"
0.0868844899460651,4853.65086286372,377,0,0,"Successful convergence"
0.0564556002316991,4853.65086286372,377,0,0,"Successful convergence"
0.0578776457092535,4853.65086286372,377,0,0,"Successful convergence"
14.9287578261683,4853.65086286372,377,0,0,"Successful convergence"
499.991400878464,4853.65086286372,377,0,0,"Successful convergence"
31.9926676155299,4853.65086286372,377,0,0,"Successful convergence"
