"par","value","feval","restarts","convergence","message"
0.00266139899280342,3837.07439833033,352,0,0,"Successful convergence"
0.0565117814363228,3837.07439833033,352,0,0,"Successful convergence"
0.0543932641037555,3837.07439833033,352,0,0,"Successful convergence"
0.0430469441276115,3837.07439833033,352,0,0,"Successful convergence"
23.4283831556836,3837.07439833033,352,0,0,"Successful convergence"
499.054504420159,3837.07439833033,352,0,0,"Successful convergence"
19.7270213293505,3837.07439833033,352,0,0,"Successful convergence"
