"par","value","feval","restarts","convergence","message"
0.0132199521584162,1534.61185077103,591,0,0,"Successful convergence"
0.00186412421570621,1534.61185077103,591,0,0,"Successful convergence"
0.00279664013426912,1534.61185077103,591,0,0,"Successful convergence"
0.0088133332933344,1534.61185077103,591,0,0,"Successful convergence"
3.08788272729288e-08,1534.61185077103,591,0,0,"Successful convergence"
500,1534.61185077103,591,0,0,"Successful convergence"
32,1534.61185077103,591,0,0,"Successful convergence"
