"par","value","feval","restarts","convergence","message"
0.099999999999978,6307.15568119764,306,0,0,"Successful convergence"
0.0999999999759984,6307.15568119764,306,0,0,"Successful convergence"
0.0999999999998497,6307.15568119764,306,0,0,"Successful convergence"
0.0999999999998991,6307.15568119764,306,0,0,"Successful convergence"
0.186995700801385,6307.15568119764,306,0,0,"Successful convergence"
499.99953974057,6307.15568119764,306,0,0,"Successful convergence"
31.999999999851,6307.15568119764,306,0,0,"Successful convergence"
