"par","value","feval","restarts","convergence","message"
0.00745780900851414,1501.56825914913,431,0,0,"Successful convergence"
0.00389888314736992,1501.56825914913,431,0,0,"Successful convergence"
0.00245750707079711,1501.56825914913,431,0,0,"Successful convergence"
0.0106560930321195,1501.56825914913,431,0,0,"Successful convergence"
0.00778461785300166,1501.56825914913,431,0,0,"Successful convergence"
499.999999998788,1501.56825914913,431,0,0,"Successful convergence"
31.9999999997554,1501.56825914913,431,0,0,"Successful convergence"
