"par","value","feval","restarts","convergence","message"
0.0999999979375349,3187.60266537676,815,1,0,"Successful convergence"
0.0203943641681301,3187.60266537676,815,1,0,"Successful convergence"
0.0519774382614017,3187.60266537676,815,1,0,"Successful convergence"
0.00678974787639339,3187.60266537676,815,1,0,"Successful convergence"
13.8359402119928,3187.60266537676,815,1,0,"Successful convergence"
499.771585459219,3187.60266537676,815,1,0,"Successful convergence"
2.01125179977519,3187.60266537676,815,1,0,"Successful convergence"
