"par","value","feval","restarts","convergence","message"
0.0769087373089284,4494.8279001007,458,0,0,"Successful convergence"
0.0760926279599403,4494.8279001007,458,0,0,"Successful convergence"
0.0502256037356649,4494.8279001007,458,0,0,"Successful convergence"
0.0805537876252447,4494.8279001007,458,0,0,"Successful convergence"
12.1552966336015,4494.8279001007,458,0,0,"Successful convergence"
499.431422130934,4494.8279001007,458,0,0,"Successful convergence"
25.9452036119011,4494.8279001007,458,0,0,"Successful convergence"
