"par","value","feval","restarts","convergence","message"
0.0896606171593729,8933.04693342645,664,0,0,"Successful convergence"
0.00711827006295031,8933.04693342645,664,0,0,"Successful convergence"
0.0844071098207555,8933.04693342645,664,0,0,"Successful convergence"
0.0622020453541056,8933.04693342645,664,0,0,"Successful convergence"
7.52820028537826e-09,8933.04693342645,664,0,0,"Successful convergence"
499.000137586993,8933.04693342645,664,0,0,"Successful convergence"
31.9997734482721,8933.04693342645,664,0,0,"Successful convergence"
