"par","value","feval","restarts","convergence","message"
0.099999752376731,6361.8253472464,886,3,2,"Stagnation in Nelder-Mead"
1.22979964919445e-05,6361.8253472464,886,3,2,"Stagnation in Nelder-Mead"
0.0999999999131587,6361.8253472464,886,3,2,"Stagnation in Nelder-Mead"
0.0999999666444824,6361.8253472464,886,3,2,"Stagnation in Nelder-Mead"
0.228975847917839,6361.8253472464,886,3,2,"Stagnation in Nelder-Mead"
499.000007400309,6361.8253472464,886,3,2,"Stagnation in Nelder-Mead"
11.9946083814234,6361.8253472464,886,3,2,"Stagnation in Nelder-Mead"
