"par","value","feval","restarts","convergence","message"
0.0069504767017152,2281.99336723032,369,0,0,"Successful convergence"
0.00256617892700456,2281.99336723032,369,0,0,"Successful convergence"
0.0104852145192622,2281.99336723032,369,0,0,"Successful convergence"
0.00873055773568275,2281.99336723032,369,0,0,"Successful convergence"
0.0166202500702928,2281.99336723032,369,0,0,"Successful convergence"
499.999990445505,2281.99336723032,369,0,0,"Successful convergence"
31.9901884074577,2281.99336723032,369,0,0,"Successful convergence"
