"par","value","feval","restarts","convergence","message"
0.0994860106204862,10000,16,0,0,"Successful convergence"
0.0868859178319255,10000,16,0,0,"Successful convergence"
0.0975001462494046,10000,16,0,0,"Successful convergence"
0.0700923314462926,10000,16,0,0,"Successful convergence"
494.755923075828,10000,16,0,0,"Successful convergence"
499.972807977325,10000,16,0,0,"Successful convergence"
30.5807352125661,10000,16,0,0,"Successful convergence"
