"par","value","feval","restarts","convergence","message"
0.1,5959.56477739954,631,0,0,"Successful convergence"
1.26044410374948e-05,5959.56477739954,631,0,0,"Successful convergence"
0.1,5959.56477739954,631,0,0,"Successful convergence"
0.0999999999671445,5959.56477739954,631,0,0,"Successful convergence"
0.259939561280731,5959.56477739954,631,0,0,"Successful convergence"
499,5959.56477739954,631,0,0,"Successful convergence"
13.6533875042078,5959.56477739954,631,0,0,"Successful convergence"
