"par","value","feval","restarts","convergence","message"
0.0875682043386282,537.20271131553,418,0,0,"Successful convergence"
0.0435439515860489,537.20271131553,418,0,0,"Successful convergence"
0.00755275807827375,537.20271131553,418,0,0,"Successful convergence"
0.00195819358229236,537.20271131553,418,0,0,"Successful convergence"
6.1384256718307,537.20271131553,418,0,0,"Successful convergence"
499.923054186529,537.20271131553,418,0,0,"Successful convergence"
4.92281208472304,537.20271131553,418,0,0,"Successful convergence"
