"par","value","feval","restarts","convergence","message"
0.00318966562119202,1237.10759096065,949,1,0,"Successful convergence"
0.00718160270786579,1237.10759096065,949,1,0,"Successful convergence"
0.00149564255942493,1237.10759096065,949,1,0,"Successful convergence"
0.0112951162664457,1237.10759096065,949,1,0,"Successful convergence"
22.4496857636783,1237.10759096065,949,1,0,"Successful convergence"
499.003471766632,1237.10759096065,949,1,0,"Successful convergence"
3.97465204604956,1237.10759096065,949,1,0,"Successful convergence"
