"par","value","feval","restarts","convergence","message"
0.0208687490119669,2944.47474538481,488,1,0,"Successful convergence"
0.051811779586483,2944.47474538481,488,1,0,"Successful convergence"
0.0420657832874863,2944.47474538481,488,1,0,"Successful convergence"
0.0552690137655658,2944.47474538481,488,1,0,"Successful convergence"
13.7382433389719,2944.47474538481,488,1,0,"Successful convergence"
499.594806418421,2944.47474538481,488,1,0,"Successful convergence"
0.753668081239178,2944.47474538481,488,1,0,"Successful convergence"
