"par","value","feval","restarts","convergence","message"
0.0291517048378962,5885.12422069164,549,0,0,"Successful convergence"
0.00152550557154921,5885.12422069164,549,0,0,"Successful convergence"
0.0163560978824509,5885.12422069164,549,0,0,"Successful convergence"
0.0873740149889777,5885.12422069164,549,0,0,"Successful convergence"
5.48325274074557e-09,5885.12422069164,549,0,0,"Successful convergence"
499.057420457845,5885.12422069164,549,0,0,"Successful convergence"
31.9999788085263,5885.12422069164,549,0,0,"Successful convergence"
