"par","value","feval","restarts","convergence","message"
0.00905954374675785,2675.16296564597,334,0,0,"Successful convergence"
0.0108501984647922,2675.16296564597,334,0,0,"Successful convergence"
0.0107010912836808,2675.16296564597,334,0,0,"Successful convergence"
0.00987224223257622,2675.16296564597,334,0,0,"Successful convergence"
0.0116581772258151,2675.16296564597,334,0,0,"Successful convergence"
499.054450353932,2675.16296564597,334,0,0,"Successful convergence"
30.6850931555926,2675.16296564597,334,0,0,"Successful convergence"
