"par","value","feval","restarts","convergence","message"
0.0127801386301503,1906.89618754264,496,0,0,"Successful convergence"
0.0139103753364078,1906.89618754264,496,0,0,"Successful convergence"
0.00483372967121511,1906.89618754264,496,0,0,"Successful convergence"
0.0040954727167265,1906.89618754264,496,0,0,"Successful convergence"
1.45169664166403,1906.89618754264,496,0,0,"Successful convergence"
499.998415721214,1906.89618754264,496,0,0,"Successful convergence"
24.18859236432,1906.89618754264,496,0,0,"Successful convergence"
