"par","value","feval","restarts","convergence","message"
0.0860301185267824,598.630370860036,646,1,0,"Successful convergence"
0.0427889435017182,598.630370860036,646,1,0,"Successful convergence"
0.0116427461676856,598.630370860036,646,1,0,"Successful convergence"
0.00192575373158512,598.630370860036,646,1,0,"Successful convergence"
6.354008072674,598.630370860036,646,1,0,"Successful convergence"
499.921448343604,598.630370860036,646,1,0,"Successful convergence"
4.23199296119615,598.630370860036,646,1,0,"Successful convergence"
