"par","value","feval","restarts","convergence","message"
0.0831348124028264,2596.82022113837,929,2,0,"Successful convergence"
0.0768800614421919,2596.82022113837,929,2,0,"Successful convergence"
0.0177450988648715,2596.82022113837,929,2,0,"Successful convergence"
0.0696960095029422,2596.82022113837,929,2,0,"Successful convergence"
21.4775743071499,2596.82022113837,929,2,0,"Successful convergence"
499.999999552456,2596.82022113837,929,2,0,"Successful convergence"
1.00319196851361,2596.82022113837,929,2,0,"Successful convergence"
