"par","value","feval","restarts","convergence","message"
0.000208340533387852,1488.10582817497,534,1,0,"Successful convergence"
0.00824876924135664,1488.10582817497,534,1,0,"Successful convergence"
0.00650159269113997,1488.10582817497,534,1,0,"Successful convergence"
0.00660437614396095,1488.10582817497,534,1,0,"Successful convergence"
19.9911912034854,1488.10582817497,534,1,0,"Successful convergence"
499.97283170959,1488.10582817497,534,1,0,"Successful convergence"
3.20606590207864,1488.10582817497,534,1,0,"Successful convergence"
