"par","value","feval","restarts","convergence","message"
0.00944462983381564,2650.6468255149,547,1,0,"Successful convergence"
0.00800881284144447,2650.6468255149,547,1,0,"Successful convergence"
0.00941171417627748,2650.6468255149,547,1,0,"Successful convergence"
0.0132891604828406,2650.6468255149,547,1,0,"Successful convergence"
3.12478978151987,2650.6468255149,547,1,0,"Successful convergence"
499.894744635383,2650.6468255149,547,1,0,"Successful convergence"
25.8869508277628,2650.6468255149,547,1,0,"Successful convergence"
