"par","value","feval","restarts","convergence","message"
0.0081359973443225,2409.81770263784,544,0,0,"Successful convergence"
0.00932236642600504,2409.81770263784,544,0,0,"Successful convergence"
0.0102961162363965,2409.81770263784,544,0,0,"Successful convergence"
0.00728831221749477,2409.81770263784,544,0,0,"Successful convergence"
0,2409.81770263784,544,0,0,"Successful convergence"
499.999999719627,2409.81770263784,544,0,0,"Successful convergence"
31.980912757885,2409.81770263784,544,0,0,"Successful convergence"
