"par","value","feval","restarts","convergence","message"
0.00880236086462957,1351.18115794635,441,0,0,"Successful convergence"
0.00351928730529207,1351.18115794635,441,0,0,"Successful convergence"
0.0027284277124394,1351.18115794635,441,0,0,"Successful convergence"
0.00739655160448148,1351.18115794635,441,0,0,"Successful convergence"
15.4724448043755,1351.18115794635,441,0,0,"Successful convergence"
499.999958087949,1351.18115794635,441,0,0,"Successful convergence"
19.4475817002776,1351.18115794635,441,0,0,"Successful convergence"
