"par","value","feval","restarts","convergence","message"
0.0210221722295121,3016.65337688879,801,1,0,"Successful convergence"
0.0999999999999994,3016.65337688879,801,1,0,"Successful convergence"
0.0371248012449225,3016.65337688879,801,1,0,"Successful convergence"
0.0724843281100747,3016.65337688879,801,1,0,"Successful convergence"
17.9721714497935,3016.65337688879,801,1,0,"Successful convergence"
499.999626296193,3016.65337688879,801,1,0,"Successful convergence"
0.00466108725031233,3016.65337688879,801,1,0,"Successful convergence"
