"par","value","feval","restarts","convergence","message"
0.0143631730822483,1915.98710740726,388,0,0,"Successful convergence"
0.00965019862409272,1915.98710740726,388,0,0,"Successful convergence"
0.0029265751268256,1915.98710740726,388,0,0,"Successful convergence"
0.0133366511193999,1915.98710740726,388,0,0,"Successful convergence"
12.9477203668461,1915.98710740726,388,0,0,"Successful convergence"
499.769811070796,1915.98710740726,388,0,0,"Successful convergence"
22.7083946779944,1915.98710740726,388,0,0,"Successful convergence"
