"par","value","feval","restarts","convergence","message"
0.0150336327269628,4853.65086282422,374,0,0,"Successful convergence"
0.0868851679375789,4853.65086282422,374,0,0,"Successful convergence"
0.0564567259866681,4853.65086282422,374,0,0,"Successful convergence"
0.0578775385777853,4853.65086282422,374,0,0,"Successful convergence"
14.5566685925395,4853.65086282422,374,0,0,"Successful convergence"
989.41893244861,4853.65086282422,374,0,0,"Successful convergence"
31.3045198071947,4853.65086282422,374,0,0,"Successful convergence"
