"par","value","feval","restarts","convergence","message"
0.0727602923178737,5932.91573391264,322,0,0,"Successful convergence"
0.0357481180694222,5932.91573391264,322,0,0,"Successful convergence"
0.0409187623927907,5932.91573391264,322,0,0,"Successful convergence"
0.000678970231634923,5932.91573391264,322,0,0,"Successful convergence"
0.0205359938450222,5932.91573391264,322,0,0,"Successful convergence"
499.508670327837,5932.91573391264,322,0,0,"Successful convergence"
31.7263107952247,5932.91573391264,322,0,0,"Successful convergence"
