"par","value","feval","restarts","convergence","message"
0.0462497305457489,3477.55106427982,493,3,2,"Stagnation in Nelder-Mead"
0.0787882216022815,3477.55106427982,493,3,2,"Stagnation in Nelder-Mead"
0.0954862542298812,3477.55106427982,493,3,2,"Stagnation in Nelder-Mead"
0.0523572878944716,3477.55106427982,493,3,2,"Stagnation in Nelder-Mead"
10.679475927745,3477.55106427982,493,3,2,"Stagnation in Nelder-Mead"
499.928077303156,3477.55106427982,493,3,2,"Stagnation in Nelder-Mead"
7.00135899226279,3477.55106427982,493,3,2,"Stagnation in Nelder-Mead"
