"par","value","feval","restarts","convergence","message"
0.0465232968952668,3477.9254265251,778,1,0,"Successful convergence"
0.0786449891783466,3477.9254265251,778,1,0,"Successful convergence"
0.0953268549601185,3477.9254265251,778,1,0,"Successful convergence"
0.0523174300585508,3477.9254265251,778,1,0,"Successful convergence"
10.6572765158942,3477.9254265251,778,1,0,"Successful convergence"
458.999181934981,3477.9254265251,778,1,0,"Successful convergence"
5.11068333244597,3477.9254265251,778,1,0,"Successful convergence"
