"par","value","feval","restarts","convergence","message"
0.00928781887437197,1887.20200998501,930,1,0,"Successful convergence"
0.00491567060730053,1887.20200998501,930,1,0,"Successful convergence"
0.00457656730672284,1887.20200998501,930,1,0,"Successful convergence"
0.0111021761614607,1887.20200998501,930,1,0,"Successful convergence"
0.00237414320569673,1887.20200998501,930,1,0,"Successful convergence"
499.99930002158,1887.20200998501,930,1,0,"Successful convergence"
26.1846568739755,1887.20200998501,930,1,0,"Successful convergence"
