"par","value","feval","restarts","convergence","message"
0.0999999917880995,3187.60266958973,1071,1,0,"Successful convergence"
0.020397677358807,3187.60266958973,1071,1,0,"Successful convergence"
0.05198047111668,3187.60266958973,1071,1,0,"Successful convergence"
0.00679002858926374,3187.60266958973,1071,1,0,"Successful convergence"
13.8348853120991,3187.60266958973,1071,1,0,"Successful convergence"
19.9389922357833,3187.60266958973,1071,1,0,"Successful convergence"
2.28184518773749,3187.60266958973,1071,1,0,"Successful convergence"
