"par","value","feval","restarts","convergence","message"
0.0935559911313989,7263.00852696094,780,0,0,"Successful convergence"
0.0383029027701051,7263.00852696094,780,0,0,"Successful convergence"
0.0421619727052772,7263.00852696094,780,0,0,"Successful convergence"
0.0241524179197992,7263.00852696094,780,0,0,"Successful convergence"
1.88516979804376e-08,7263.00852696094,780,0,0,"Successful convergence"
499.000162716019,7263.00852696094,780,0,0,"Successful convergence"
31.9999999999239,7263.00852696094,780,0,0,"Successful convergence"
