"par","value","feval","restarts","convergence","message"
0.0981741761134226,3079.70449763808,551,0,0,"Successful convergence"
0.0752626531908762,3079.70449763808,551,0,0,"Successful convergence"
0.0670784993161056,3079.70449763808,551,0,0,"Successful convergence"
0.00344487872465804,3079.70449763808,551,0,0,"Successful convergence"
15.2154746509592,3079.70449763808,551,0,0,"Successful convergence"
499.598802387781,3079.70449763808,551,0,0,"Successful convergence"
11.5234937348784,3079.70449763808,551,0,0,"Successful convergence"
