"par","value","feval","restarts","convergence","message"
0.0860348348125235,598.630371117712,564,2,0,"Successful convergence"
0.0427964037142629,598.630371117712,564,2,0,"Successful convergence"
0.0116432620572242,598.630371117712,564,2,0,"Successful convergence"
0.00192549858292732,598.630371117712,564,2,0,"Successful convergence"
6.35417983077996,598.630371117712,564,2,0,"Successful convergence"
499.981940808927,598.630371117712,564,2,0,"Successful convergence"
4.14118929756536,598.630371117712,564,2,0,"Successful convergence"
