"par","value","feval","restarts","convergence","message"
0.0999818250404901,6028.50555463104,490,3,2,"Stagnation in Nelder-Mead"
0.0381039261941875,6028.50555463104,490,3,2,"Stagnation in Nelder-Mead"
0.099998184518755,6028.50555463104,490,3,2,"Stagnation in Nelder-Mead"
0.0999967047321171,6028.50555463104,490,3,2,"Stagnation in Nelder-Mead"
0.35301608337332,6028.50555463104,490,3,2,"Stagnation in Nelder-Mead"
499.92585057883,6028.50555463104,490,3,2,"Stagnation in Nelder-Mead"
26.0036125267001,6028.50555463104,490,3,2,"Stagnation in Nelder-Mead"
