"par","value","feval","restarts","convergence","message"
0.00251417936534334,5181.64819148729,847,1,0,"Successful convergence"
0.00377623203998708,5181.64819148729,847,1,0,"Successful convergence"
0.0383425764589409,5181.64819148729,847,1,0,"Successful convergence"
0.0529675532240082,5181.64819148729,847,1,0,"Successful convergence"
6.99686466692762,5181.64819148729,847,1,0,"Successful convergence"
499.986481991781,5181.64819148729,847,1,0,"Successful convergence"
27.5691971782374,5181.64819148729,847,1,0,"Successful convergence"
