"par","value","feval","restarts","convergence","message"
0.1,6312.15275260994,483,0,0,"Successful convergence"
1.29576749740401e-05,6312.15275260994,483,0,0,"Successful convergence"
0.0999999999999877,6312.15275260994,483,0,0,"Successful convergence"
0.0999999999766948,6312.15275260994,483,0,0,"Successful convergence"
0.591217144906953,6312.15275260994,483,0,0,"Successful convergence"
499.000014974061,6312.15275260994,483,0,0,"Successful convergence"
31.9999999999998,6312.15275260994,483,0,0,"Successful convergence"
