"par","value","feval","restarts","convergence","message"
0.00966099958364713,2121.23195672238,479,0,0,"Successful convergence"
0.00932189474320295,2121.23195672238,479,0,0,"Successful convergence"
0.00813561766043774,2121.23195672238,479,0,0,"Successful convergence"
0.00533924282628009,2121.23195672238,479,0,0,"Successful convergence"
8.8193619074417e-09,2121.23195672238,479,0,0,"Successful convergence"
499.014956443173,2121.23195672238,479,0,0,"Successful convergence"
31.9999934282499,2121.23195672238,479,0,0,"Successful convergence"
