"par","value","feval","restarts","convergence","message"
0.00694967074602591,645.994458326102,533,0,0,"Successful convergence"
0.000169473842119527,645.994458326102,533,0,0,"Successful convergence"
0.00131356599940393,645.994458326102,533,0,0,"Successful convergence"
0.00186405412325594,645.994458326102,533,0,0,"Successful convergence"
6.28026797233616e-08,645.994458326102,533,0,0,"Successful convergence"
499.999999121828,645.994458326102,533,0,0,"Successful convergence"
31.8210265024401,645.994458326102,533,0,0,"Successful convergence"
