"par","value","feval","restarts","convergence","message"
0.019227695459666,2918.12793563733,1158,2,0,"Successful convergence"
0.0521493038693497,2918.12793563733,1158,2,0,"Successful convergence"
0.0411417194271014,2918.12793563733,1158,2,0,"Successful convergence"
0.0556442891057003,2918.12793563733,1158,2,0,"Successful convergence"
13.746625995277,2918.12793563733,1158,2,0,"Successful convergence"
499.999973314274,2918.12793563733,1158,2,0,"Successful convergence"
0.00387087630858041,2918.12793563733,1158,2,0,"Successful convergence"
