"par","value","feval","restarts","convergence","message"
0.00203413705188338,1088.77300999199,370,0,0,"Successful convergence"
0.00802676205297515,1088.77300999199,370,0,0,"Successful convergence"
0.000339046674980353,1088.77300999199,370,0,0,"Successful convergence"
0.0099513592635318,1088.77300999199,370,0,0,"Successful convergence"
0.014916559055167,1088.77300999199,370,0,0,"Successful convergence"
499.986329449277,1088.77300999199,370,0,0,"Successful convergence"
29.9277343551622,1088.77300999199,370,0,0,"Successful convergence"
