level_0,index,Dyad,Round,Player,Answer,Time,a11,a12,a13,a14,a15,a16,a17,a18,a21,a22,a23,a24,a25,a26,a27,a28,a31,a32,a33,a34,a35,a36,a37,a38,a41,a42,a43,a44,a45,a46,a47,a48,a51,a52,a53,a54,a55,a56,a57,a58,a61,a62,a63,a64,a65,a66,a67,a68,a71,a72,a73,a74,a75,a76,a77,a78,a81,a82,a83,a84,a85,a86,a87,a88,Score,Joint,Is_there,where_x,where_y,Strategy,Is_there_LEAD,Category,Category1,RegionGo,indice,Cambio,avScGrpUniPresent,avScGrpUniPresent_LEAD,Ac_Score,Norm_Score,Size_visited,Consistency,Total_visited_dyad,Dif_consist,DLIndex,Similarity,Norm_Score_LAG1,Consistency_LAG1,Dif_consist_LAG1,Joint_LAG1,Similarity_LAG1
0,0,9993588919,1,889194,Absent,50,0,1,1,0,1,0,0,1,1,1,1,0,0,1,0,1,1,1,0,0,1,1,1,0,0,1,1,0,1,1,0,0,0,1,0,1,0,1,0,0,1,0,0,1,0,0,1,1,0,1,0,1,1,0,1,1,1,1,0,1,0,1,1,0,21,11,Unicorn_Absent,-1,-1,9,Unicorn_Absent,RS,RS,RS,0,0,17.5,17.5,21,0.93125,35,,49.0,,0.59375,0.004584084770106734,,,,,
1,0,9993588919,2,889194,Absent,50,0,1,1,0,1,0,0,1,1,1,1,0,0,1,0,1,1,1,0,0,1,1,1,0,0,1,1,0,1,1,0,0,0,1,0,1,0,1,0,0,1,0,0,1,0,0,1,1,0,1,0,1,1,0,1,1,1,1,0,1,0,1,1,0,14,18,Unicorn_Absent,-1,-1,9,,RS,RS,,1,0,17.5,,35,0.8875,35,1.0,49.0,0.6097560975609756,0.484375,0.004584084770106734,0.93125,,,11.0,0.004584084770106734
2,0,9993588919,1,999354,Absent,33,1,0,0,1,0,1,1,0,0,1,0,0,1,1,1,0,0,1,1,1,1,0,0,0,1,1,1,1,0,0,0,0,0,0,0,1,0,0,0,0,0,1,0,1,1,0,1,1,0,0,1,0,0,0,0,0,0,0,0,0,1,1,0,0,21,11,Unicorn_Absent,-1,-1,0,Unicorn_Absent,RS,RS,UP,2,0,17.5,17.5,21,0.93125,25,,49.0,,0.59375,0.006737946999085467,,,,,
3,0,9993588919,2,999354,Absent,32,1,1,1,1,1,1,1,1,1,1,1,1,1,1,1,1,1,1,1,1,1,1,1,1,1,1,1,1,1,1,1,1,0,0,0,0,0,0,0,0,0,0,0,0,0,0,0,0,0,0,0,0,0,0,0,0,0,0,0,0,0,0,0,0,14,18,Unicorn_Absent,-1,-1,4,,UP,UP,,3,0,17.5,,35,0.8875,32,0.3902439024390244,49.0,0.6097560975609756,0.484375,1.0,0.93125,,,11.0,0.006737946999085467
