level_0,index,Dyad,Round,Player,Answer,Time,a11,a12,a13,a14,a15,a16,a17,a18,a21,a22,a23,a24,a25,a26,a27,a28,a31,a32,a33,a34,a35,a36,a37,a38,a41,a42,a43,a44,a45,a46,a47,a48,a51,a52,a53,a54,a55,a56,a57,a58,a61,a62,a63,a64,a65,a66,a67,a68,a71,a72,a73,a74,a75,a76,a77,a78,a81,a82,a83,a84,a85,a86,a87,a88,Score,Joint,Is_there,where_x,where_y,Strategy,Is_there_LEAD,Category,Category1,RegionGo,indice,Cambio,avScGrpUniPresent,avScGrpUniPresent_LEAD,Ac_Score,Norm_Score,Size_visited,Consistency,Total_visited_dyad,Dif_consist,DLIndex,Similarity,Norm_Score_LAG1,Consistency_LAG1,Dif_consist_LAG1,Joint_LAG1,Similarity_LAG1
0,0,2625031769,1,262505,Absent,49,0,1,0,1,1,1,1,1,1,1,1,0,1,1,0,0,0,0,1,1,1,1,0,0,1,0,1,1,0,1,1,0,1,1,1,0,0,0,0,1,1,1,0,0,1,1,0,0,1,0,1,0,0,1,1,1,0,0,1,1,1,0,1,0,18,14,Unicorn_Absent,-1,-1,0,Unicorn_Absent,RS,RS,UP,0,0,16.5,16.5,18,0.9125,37,,44.0,,0.46875,0.005537830714382473,,,,,
1,0,2625031769,2,262505,Absent,32,1,1,1,1,1,1,1,1,1,1,1,1,1,1,1,1,1,1,1,1,1,1,1,1,1,1,1,1,1,1,1,1,0,0,0,0,0,0,0,0,0,0,0,0,0,0,0,0,0,0,0,0,0,0,0,0,0,0,0,0,0,0,0,0,15,17,Unicorn_Absent,-1,-1,4,,UP,UP,,1,0,16.5,,33,0.89375,32,0.40816326530612246,52.0,0.08998144712430428,0.546875,1.0,0.9125,,,14.0,0.005537830714382473
2,0,2625031769,1,317697,Absent,22,0,1,1,1,1,0,0,0,1,0,0,0,1,0,0,0,1,0,0,0,0,0,0,0,1,1,0,0,0,1,1,0,0,0,0,0,0,1,0,0,1,0,0,0,0,0,0,0,1,1,0,0,1,1,1,0,0,0,1,1,0,0,0,1,18,14,Unicorn_Absent,-1,-1,9,Unicorn_Absent,RS,RS,RS,2,0,16.5,16.5,18,0.9125,21,,44.0,,0.46875,0.010228516799093708,,,,,
3,0,2625031769,2,317697,Absent,49,1,0,1,0,1,0,0,1,1,1,0,1,0,0,0,1,0,1,0,0,1,1,0,0,1,1,1,1,0,1,0,1,0,1,1,1,1,1,0,1,1,0,0,1,0,1,0,0,0,1,1,1,1,1,1,1,0,1,0,1,0,0,1,1,15,17,Unicorn_Absent,-1,-1,9,,RS,RS,,3,0,16.5,,33,0.89375,37,0.3181818181818182,52.0,0.08998144712430428,0.546875,0.005537830714382473,0.9125,,,14.0,0.010228516799093708
