"Model","wA","wN","wL","wI","alpha","beta","gamma","delta","epsilon","zeta","delta1","delta2","delta3","dev"
"MBiases","0.12737806256933","0.0762572786067717","0.057841975513719","0.00519929296873735","0","0","0","0","0","0","0","0","0",1612.32648590264
"WSLS","0.0847242993013931","0.0421589275598586","0.015012513719301","0.00189842994283206","6.74501847313808","99.1000741040525","4.39997964991781","0","0","0","0","0","0",655.625461836203
"FRA","0.0428346503460301","0.038142206372821","0.0030060208346655","0.00148031209917013","10.3917122345669","99.0005216029025","30.0087614838658","1.20182971350015","99.0986243376728","0.89271098529869","0.28111684581128","0.212039377799916","0.0582723740413071",531.354580766533
