"Model","wA","wN","wL","wI","alpha","beta","gamma","delta","epsilon","zeta","dev"
"0","0","0","0","0","0","0","0","0","0","0",1e+05
"0","0","0","0","0","0","0","0","0","0","0",1e+05
"FRA","0.087262414845455","0.0597371986265712","0.00565398964052968","1.62140326895738e-05","6.67535779275163","99.8064476536336","2.01239425541546","0.093243210197741","2.66324257973666","0.732900157305516",669.0388496005
