"Model", "wA","wN","wL","wI","alpha","beta","gamma","delta","epsilon","zeta","dev"
"MBiases","0.127382047280449","0.0762602071912196","0.0578421914390443","0.00519927935185907","0","0","0","0","0","0",1612.32648586641
"WSLS","0.0847258680262021","0.0421592820963658","0.0150110857276891","0.00189836472891659","6.74530638194421","999.996354806239","4.04019404797499","0","0","0",655.625461802386
"FRA","0.0571594400810738","0.0364778753888158","0.00663564548021386","0.0011690496971225","10.1815228583521","999.687614076876","30.0009452361175","0.473189627493986","999.953863481765","0.978098125007409",567.055580249808
