"wA","wN","wL","wI","alpha","beta","gamma","delta","epsilon","zeta","NA","dev"
"MBiases","0.174360499717295","0.217932950588875","0.193392845510971","0.201168911182322","0","0","0","0","0","0",10000
"WSLS","0.0850533343888463","0.0423185256626846","0.0150698314184954","8.41694763442646e-07","6.74545234229063","999.010728516772","4.42666263530347","0","0","0",661.691698018972
"FRA","0.0545672138405794","0.0375568914057868","2.90500652963543e-07","0.00142077012231435","11.1919261002759","999.978902729368","31.8172036193135","0.645251953371451","999.865624763187","0.969326175464131",640.259821024174
