"par","value","feval","restarts","convergence","message"
0.119999827173061,8010.49947089599,2001,1,1,"Maximum number of fevals exceeded"
0.0210966407673395,8010.49947089599,2001,1,1,"Maximum number of fevals exceeded"
0.112099205084474,8010.49947089599,2001,1,1,"Maximum number of fevals exceeded"
0.045998985309949,8010.49947089599,2001,1,1,"Maximum number of fevals exceeded"
0.0215264409614946,8010.49947089599,2001,1,1,"Maximum number of fevals exceeded"
999.018747479429,8010.49947089599,2001,1,1,"Maximum number of fevals exceeded"
31.9978998841187,8010.49947089599,2001,1,1,"Maximum number of fevals exceeded"
0.00206004631819745,8010.49947089599,2001,1,1,"Maximum number of fevals exceeded"
999.107541460822,8010.49947089599,2001,1,1,"Maximum number of fevals exceeded"
0.319361384649938,8010.49947089599,2001,1,1,"Maximum number of fevals exceeded"
