"par","value","feval","restarts","convergence","message"
0.119999997765807,3472.65086978835,2000,1,1,"Maximum number of fevals exceeded"
0.0518198859833113,3472.65086978835,2000,1,1,"Maximum number of fevals exceeded"
0.0296254583331087,3472.65086978835,2000,1,1,"Maximum number of fevals exceeded"
0.0407739174303943,3472.65086978835,2000,1,1,"Maximum number of fevals exceeded"
14.5322921901497,3472.65086978835,2000,1,1,"Maximum number of fevals exceeded"
999.000000171049,3472.65086978835,2000,1,1,"Maximum number of fevals exceeded"
11.6523445449876,3472.65086978835,2000,1,1,"Maximum number of fevals exceeded"
0.00340890102395086,3472.65086978835,2000,1,1,"Maximum number of fevals exceeded"
999.999999974842,3472.65086978835,2000,1,1,"Maximum number of fevals exceeded"
0.923435708953414,3472.65086978835,2000,1,1,"Maximum number of fevals exceeded"
