"par","value","feval","restarts","convergence","message"
0.113173246353174,533.698131140839,2001,2,1,"Maximum number of fevals exceeded"
0.0635613951942792,533.698131140839,2001,2,1,"Maximum number of fevals exceeded"
0.00977764659384843,533.698131140839,2001,2,1,"Maximum number of fevals exceeded"
0.00867853403310601,533.698131140839,2001,2,1,"Maximum number of fevals exceeded"
599.742146276249,533.698131140839,2001,2,1,"Maximum number of fevals exceeded"
999.818733502938,533.698131140839,2001,2,1,"Maximum number of fevals exceeded"
4.01917925427454,533.698131140839,2001,2,1,"Maximum number of fevals exceeded"
63.7530555222202,533.698131140839,2001,2,1,"Maximum number of fevals exceeded"
999.990800632448,533.698131140839,2001,2,1,"Maximum number of fevals exceeded"
0.998740397495871,533.698131140839,2001,2,1,"Maximum number of fevals exceeded"
