"par","value","feval","restarts","convergence","message"
0.103729249097466,8253.49238969963,175,0,0,"Successful convergence"
0.0671201345134026,8253.49238969963,175,0,0,"Successful convergence"
0.0908043342180638,8253.49238969963,175,0,0,"Successful convergence"
0.0991538354049768,8253.49238969963,175,0,0,"Successful convergence"
