"par","value","feval","restarts","convergence","message"
0.033004962281765,76.435355243362,106,0,0,"Successful convergence"
0.0991667004153065,76.435355243362,106,0,0,"Successful convergence"
7.68457417699153e-10,76.435355243362,106,0,0,"Successful convergence"
0.119999988782991,76.435355243362,106,0,0,"Successful convergence"
