"par","value","feval","restarts","convergence","message"
0.0506776580370622,7449.66711408561,177,0,0,"Successful convergence"
0.0732191250402254,7449.66711408561,177,0,0,"Successful convergence"
0.0771183514789706,7449.66711408561,177,0,0,"Successful convergence"
0.00279636293930641,7449.66711408561,177,0,0,"Successful convergence"
