"par","value","feval","restarts","convergence","message"
0.119999999715248,8237.27682030146,300,0,0,"Successful convergence"
0.0177192837564931,8237.27682030146,300,0,0,"Successful convergence"
0.0232886494743849,8237.27682030146,300,0,0,"Successful convergence"
0.094387366846101,8237.27682030146,300,0,0,"Successful convergence"
