"par","value","feval","restarts","convergence","message"
3.99999999161944,1699.37083080607,226,0,0,"Successful convergence"
0.119999999999758,1699.37083080607,226,0,0,"Successful convergence"
0.12,1699.37083080607,226,0,0,"Successful convergence"
0.0347677683917796,1699.37083080607,226,0,0,"Successful convergence"
0,1699.37083080607,226,0,0,"Successful convergence"
