"par","value","feval","restarts","convergence","message"
0.0796598727024077,8493.40325453005,189,0,0,"Successful convergence"
0.077794971003016,8493.40325453005,189,0,0,"Successful convergence"
0.0527122995948534,8493.40325453005,189,0,0,"Successful convergence"
0.0705928284933343,8493.40325453005,189,0,0,"Successful convergence"
