"par","value","feval","restarts","convergence","message"
0.11999998357393,1612.61921096961,373,0,0,"Successful convergence"
0.0769131868233676,1612.61921096961,373,0,0,"Successful convergence"
0.0583277081760839,1612.61921096961,373,0,0,"Successful convergence"
0.00524296191502213,1612.61921096961,373,0,0,"Successful convergence"
