"par","value","feval","restarts","convergence","message"
0.0267781686016186,8436.60758217725,226,0,0,"Successful convergence"
0.0203395061089799,8436.60758217725,226,0,0,"Successful convergence"
0.0821612575658413,8436.60758217725,226,0,0,"Successful convergence"
0.0478811483974447,8436.60758217725,226,0,0,"Successful convergence"
