"par","value","feval","restarts","convergence","message"
0.0893213739159043,7635.85072196063,421,0,0,"Successful convergence"
0.0266098347131079,7635.85072196063,421,0,0,"Successful convergence"
0.0247451131236315,7635.85072196063,421,0,0,"Successful convergence"
0.0994911294975564,7635.85072196063,421,0,0,"Successful convergence"
