"par","value","feval","restarts","convergence","message"
0.0893201134345712,7635.85072190474,321,0,0,"Successful convergence"
0.0266096393084519,7635.85072190474,321,0,0,"Successful convergence"
0.0247461240855368,7635.85072190474,321,0,0,"Successful convergence"
0.0994907897437005,7635.85072190474,321,0,0,"Successful convergence"
