"par","value","feval","restarts","convergence","message"
0.0796588953979087,8493.40325457601,212,0,0,"Successful convergence"
0.0777965862651914,8493.40325457601,212,0,0,"Successful convergence"
0.0527116769478227,8493.40325457601,212,0,0,"Successful convergence"
0.0705942773471252,8493.40325457601,212,0,0,"Successful convergence"
