"par","value","feval","restarts","convergence","message"
0.12,5268.62441365594,175,0,0,"Successful convergence"
0.0779481263037162,5268.62441365594,175,0,0,"Successful convergence"
0.12,5268.62441365594,175,0,0,"Successful convergence"
0.119999999997937,5268.62441365594,175,0,0,"Successful convergence"
