"par","value","feval","restarts","convergence","message"
0.0893236552606692,7635.85072193484,427,1,0,"Successful convergence"
0.0266105309382276,7635.85072193484,427,1,0,"Successful convergence"
0.0247457944433222,7635.85072193484,427,1,0,"Successful convergence"
0.0994897122776383,7635.85072193484,427,1,0,"Successful convergence"
