"par","value","feval","restarts","convergence","message"
0.119999999048856,8305.04178467683,306,0,0,"Successful convergence"
0.0217458622259951,8305.04178467683,306,0,0,"Successful convergence"
0.112590994178123,8305.04178467683,306,0,0,"Successful convergence"
0.0471432917731611,8305.04178467683,306,0,0,"Successful convergence"
