"par","value","feval","restarts","convergence","message"
0.0050845623417664,7964.83576309422,478,0,0,"Successful convergence"
0.0140673558438482,7964.83576309422,478,0,0,"Successful convergence"
0.117585589133572,7964.83576309422,478,0,0,"Successful convergence"
0.108304940615703,7964.83576309422,478,0,0,"Successful convergence"
