"par","value","feval","restarts","convergence","message"
0.119999996775045,8305.04178489331,321,0,0,"Successful convergence"
0.021744426138768,8305.04178489331,321,0,0,"Successful convergence"
0.112590936702133,8305.04178489331,321,0,0,"Successful convergence"
0.0471423769674928,8305.04178489331,321,0,0,"Successful convergence"
