"par","value","feval","restarts","convergence","message"
0.026779536582779,8436.60758207564,290,0,0,"Successful convergence"
0.0203382025577175,8436.60758207564,290,0,0,"Successful convergence"
0.0821604575422716,8436.60758207564,290,0,0,"Successful convergence"
0.0478819323628393,8436.60758207564,290,0,0,"Successful convergence"
