"par","value","feval","restarts","convergence","message"
0.0506789022417299,7410.55061026628,226,0,0,"Successful convergence"
0.0732218084832559,7410.55061026628,226,0,0,"Successful convergence"
0.077117564657221,7410.55061026628,226,0,0,"Successful convergence"
0.00279662199357225,7410.55061026628,226,0,0,"Successful convergence"
