"par","value","feval","restarts","convergence","message"
0.0286424686748371,7973.56606935314,225,0,0,"Successful convergence"
0.0845757450573473,7973.56606935314,225,0,0,"Successful convergence"
0.0961013825722441,7973.56606935314,225,0,0,"Successful convergence"
0.115933053209769,7973.56606935314,225,0,0,"Successful convergence"
