"par","value","feval","restarts","convergence","message"
0.0445765235460643,7447.75920983426,356,0,0,"Successful convergence"
0.0920357558137229,7447.75920983426,356,0,0,"Successful convergence"
0.0818645393564364,7447.75920983426,356,0,0,"Successful convergence"
0.0023726531338183,7447.75920983426,356,0,0,"Successful convergence"
