"par","value","feval","restarts","convergence","message"
0.119999999961773,5268.6244139058,142,0,0,"Successful convergence"
0.0779489619313569,5268.6244139058,142,0,0,"Successful convergence"
0.12,5268.6244139058,142,0,0,"Successful convergence"
0.119999999999999,5268.6244139058,142,0,0,"Successful convergence"
