"par","value","feval","restarts","convergence","message"
0.119999999826109,1612.61920826766,325,0,0,"Successful convergence"
0.0769067760128394,1612.61920826766,325,0,0,"Successful convergence"
0.0583304767717822,1612.61920826766,325,0,0,"Successful convergence"
0.00524305411858203,1612.61920826766,325,0,0,"Successful convergence"
