"par","value","feval","restarts","convergence","message"
0.00508474026160244,7964.83576323334,173,0,0,"Successful convergence"
0.0140673043705081,7964.83576323334,173,0,0,"Successful convergence"
0.117585008040764,7964.83576323334,173,0,0,"Successful convergence"
0.108303268641957,7964.83576323334,173,0,0,"Successful convergence"
