"par","value","feval","restarts","convergence","message"
0.11999999931811,1612.61920822049,275,0,0,"Successful convergence"
0.0768982147367987,1612.61920822049,275,0,0,"Successful convergence"
0.0583312551501698,1612.61920822049,275,0,0,"Successful convergence"
0.0052438205279375,1612.61920822049,275,0,0,"Successful convergence"
