"par","value","feval","restarts","convergence","message"
0.0286453937113673,7973.56606927935,207,0,0,"Successful convergence"
0.0845761613035572,7973.56606927935,207,0,0,"Successful convergence"
0.0961011218023103,7973.56606927935,207,0,0,"Successful convergence"
0.115931724767981,7973.56606927935,207,0,0,"Successful convergence"
