"par","value","feval","restarts","convergence","message"
0.00796586945407632,8446.78358755482,165,0,0,"Successful convergence"
0.0427103656996505,8446.78358755482,165,0,0,"Successful convergence"
0.0994490815023036,8446.78358755482,165,0,0,"Successful convergence"
0.059151860219138,8446.78358755482,165,0,0,"Successful convergence"
