"par","value","feval","restarts","convergence","message"
0.00796581429591061,8446.78358745768,168,0,0,"Successful convergence"
0.0427122242586637,8446.78358745768,168,0,0,"Successful convergence"
0.0994498071619039,8446.78358745768,168,0,0,"Successful convergence"
0.0591530152736358,8446.78358745768,168,0,0,"Successful convergence"
