"par","value","feval","restarts","convergence","message"
0.0893194357535813,7635.85072199674,156,0,0,"Successful convergence"
0.0266096279945577,7635.85072199674,156,0,0,"Successful convergence"
0.0247462304650942,7635.85072199674,156,0,0,"Successful convergence"
0.0994919209199597,7635.85072199674,156,0,0,"Successful convergence"
