"par","value","feval","restarts","convergence","message"
0.103726906562545,8253.49238975698,180,0,0,"Successful convergence"
0.0671195531811944,8253.49238975698,180,0,0,"Successful convergence"
0.0908043098302599,8253.49238975698,180,0,0,"Successful convergence"
0.099152840511542,8253.49238975698,180,0,0,"Successful convergence"
