"par","value","feval","restarts","convergence","message"
0.12,1612.61920828215,302,0,0,"Successful convergence"
0.0769057439925468,1612.61920828215,302,0,0,"Successful convergence"
0.0583311208135581,1612.61920828215,302,0,0,"Successful convergence"
0.00524245134775391,1612.61920828215,302,0,0,"Successful convergence"
