"par","value","feval","restarts","convergence","message"
0.0445756513080358,7447.75920985714,209,0,0,"Successful convergence"
0.0920326052459395,7447.75920985714,209,0,0,"Successful convergence"
0.08186516560083,7447.75920985714,209,0,0,"Successful convergence"
0.00237310162854965,7447.75920985714,209,0,0,"Successful convergence"
