"par","value","feval","restarts","convergence","message"
0.119999999563921,8237.27682034761,273,0,0,"Successful convergence"
0.0177194984311689,8237.27682034761,273,0,0,"Successful convergence"
0.0232898372101227,8237.27682034761,273,0,0,"Successful convergence"
0.0943871986280016,8237.27682034761,273,0,0,"Successful convergence"
