"par","value","feval","restarts","convergence","message"
0.0825379711060135,664.88375389083,648,1,0,"Successful convergence"
0.0423092864821747,664.88375389083,648,1,0,"Successful convergence"
0.0150670209990628,664.88375389083,648,1,0,"Successful convergence"
0.00190298857535266,664.88375389083,648,1,0,"Successful convergence"
5.97585844589205,664.88375389083,648,1,0,"Successful convergence"
999.996130466933,664.88375389083,648,1,0,"Successful convergence"
0.45167106759761,664.88375389083,648,1,0,"Successful convergence"
