"par","value","feval","restarts","convergence","message"
0.0996343806837797,2.3097771836341,32,0,0,"Successful convergence"
0.0999999941740041,2.3097771836341,32,0,0,"Successful convergence"
0.1,2.3097771836341,32,0,0,"Successful convergence"
0.0999999999877977,2.3097771836341,32,0,0,"Successful convergence"
500,2.3097771836341,32,0,0,"Successful convergence"
499,2.3097771836341,32,0,0,"Successful convergence"
0,2.3097771836341,32,0,0,"Successful convergence"
