"par","value","feval","restarts","convergence","message"
0.119999996102297,8305.02896727436,648,0,0,"Successful convergence"
0.0217507866402134,8305.02896727436,648,0,0,"Successful convergence"
0.112566230853957,8305.02896727436,648,0,0,"Successful convergence"
0.0471453937128326,8305.02896727436,648,0,0,"Successful convergence"
0.00375191412181897,8305.02896727436,648,0,0,"Successful convergence"
299.99999996278,8305.02896727436,648,0,0,"Successful convergence"
31.9999999998292,8305.02896727436,648,0,0,"Successful convergence"
