"par","value","feval","restarts","convergence","message"
0.028211054384431,1380.82513709924,496,0,0,"Successful convergence"
0.0512014392761351,1380.82513709924,496,0,0,"Successful convergence"
0.0694659132786963,1380.82513709924,496,0,0,"Successful convergence"
0.101222763587871,1380.82513709924,496,0,0,"Successful convergence"
599.999803498496,1380.82513709924,496,0,0,"Successful convergence"
999.050293035463,1380.82513709924,496,0,0,"Successful convergence"
2.55555699468282,1380.82513709924,496,0,0,"Successful convergence"
