"par","value","feval","restarts","convergence","message"
0.0915600555689491,661.171904797024,277,0,0,"Successful convergence"
0.0418159450389328,661.171904797024,277,0,0,"Successful convergence"
0.0148915759582608,661.171904797024,277,0,0,"Successful convergence"
0.00188432571506014,661.171904797024,277,0,0,"Successful convergence"
7.18587663377956,661.171904797024,277,0,0,"Successful convergence"
999.998467390249,661.171904797024,277,0,0,"Successful convergence"
12.2299904951787,661.171904797024,277,0,0,"Successful convergence"
