"par","value","feval","restarts","convergence","message"
0.0863571472990627,1155.02233727803,639,0,0,"Successful convergence"
0.0936855378309149,1155.02233727803,639,0,0,"Successful convergence"
0.105911736715039,1155.02233727803,639,0,0,"Successful convergence"
0.063859842389761,1155.02233727803,639,0,0,"Successful convergence"
599.999913741964,1155.02233727803,639,0,0,"Successful convergence"
999.000138662077,1155.02233727803,639,0,0,"Successful convergence"
6.0325613486217,1155.02233727803,639,0,0,"Successful convergence"
