"par","value","feval","restarts","convergence","message"
0.0847191432635797,655.625462708139,477,0,0,"Successful convergence"
0.0421560156602818,655.625462708139,477,0,0,"Successful convergence"
0.0150134333656554,655.625462708139,477,0,0,"Successful convergence"
0.00189911721542283,655.625462708139,477,0,0,"Successful convergence"
6.74487555109311,655.625462708139,477,0,0,"Successful convergence"
299.986043523474,655.625462708139,477,0,0,"Successful convergence"
4.14943811648356,655.625462708139,477,0,0,"Successful convergence"
