"par","value","feval","restarts","convergence","message"
0.0780023973823278,1816.28160620995,862,2,0,"Successful convergence"
0.0435352261150432,1816.28160620995,862,2,0,"Successful convergence"
0.1155563159685,1816.28160620995,862,2,0,"Successful convergence"
0.0689841400051036,1816.28160620995,862,2,0,"Successful convergence"
381.093359867493,1816.28160620995,862,2,0,"Successful convergence"
999.965865701878,1816.28160620995,862,2,0,"Successful convergence"
22.9876799449437,1816.28160620995,862,2,0,"Successful convergence"
