"par","value","feval","restarts","convergence","message"
0.0644549656725357,1980.37398833274,461,0,0,"Successful convergence"
0.0193968042933009,1980.37398833274,461,0,0,"Successful convergence"
0.0403509859888741,1980.37398833274,461,0,0,"Successful convergence"
0.0729422090630741,1980.37398833274,461,0,0,"Successful convergence"
118.359043269476,1980.37398833274,461,0,0,"Successful convergence"
999.715221503994,1980.37398833274,461,0,0,"Successful convergence"
3.58458418015951,1980.37398833274,461,0,0,"Successful convergence"
