"par","value","feval","restarts","convergence","message"
0.119999999874977,5149.97167995278,429,0,0,"Successful convergence"
0.000104255528141342,5149.97167995278,429,0,0,"Successful convergence"
0.12,5149.97167995278,429,0,0,"Successful convergence"
0.119999999998965,5149.97167995278,429,0,0,"Successful convergence"
0.0850575187053559,5149.97167995278,429,0,0,"Successful convergence"
299.999999999999,5149.97167995278,429,0,0,"Successful convergence"
31.9999999998305,5149.97167995278,429,0,0,"Successful convergence"
