"par","value","feval","restarts","convergence","message"
0.0145827446794495,4107.40720301538,977,1,0,"Successful convergence"
0.0530468106728152,4107.40720301538,977,1,0,"Successful convergence"
0.0429891790149147,4107.40720301538,977,1,0,"Successful convergence"
0.0123182697301608,4107.40720301538,977,1,0,"Successful convergence"
600,4107.40720301538,977,1,0,"Successful convergence"
999.000000111332,4107.40720301538,977,1,0,"Successful convergence"
31.9867141150729,4107.40720301538,977,1,0,"Successful convergence"
