"par","value","feval","restarts","convergence","message"
0.119999996111655,2247.49334439574,1071,1,0,"Successful convergence"
0.0554320080952629,2247.49334439574,1071,1,0,"Successful convergence"
0.0196620074850993,2247.49334439574,1071,1,0,"Successful convergence"
0.0296116957695998,2247.49334439574,1071,1,0,"Successful convergence"
975.268453325834,2247.49334439574,1071,1,0,"Successful convergence"
999.997546172296,2247.49334439574,1071,1,0,"Successful convergence"
11.2159213434774,2247.49334439574,1071,1,0,"Successful convergence"
