"par","value","feval","restarts","convergence","message"
0.100074016862789,4106.53315701812,337,0,0,"Successful convergence"
0.0236779864064746,4106.53315701812,337,0,0,"Successful convergence"
0.00987353192820571,4106.53315701812,337,0,0,"Successful convergence"
0.0306188960843198,4106.53315701812,337,0,0,"Successful convergence"
7.80116578864769,4106.53315701812,337,0,0,"Successful convergence"
299.403352871757,4106.53315701812,337,0,0,"Successful convergence"
7.22130940851696,4106.53315701812,337,0,0,"Successful convergence"
