"par","value","feval","restarts","convergence","message"
0.119999995066112,5193.62551744561,714,1,0,"Successful convergence"
0.11999999998728,5193.62551744561,714,1,0,"Successful convergence"
0.119999999776421,5193.62551744561,714,1,0,"Successful convergence"
0.11999999229544,5193.62551744561,714,1,0,"Successful convergence"
0.213762920225824,5193.62551744561,714,1,0,"Successful convergence"
299.999935088637,5193.62551744561,714,1,0,"Successful convergence"
15.9928021008363,5193.62551744561,714,1,0,"Successful convergence"
