"par","value","feval","restarts","convergence","message"
0.108094599853358,1997.8119751477,382,3,2,"Stagnation in Nelder-Mead"
0.1199999671401,1997.8119751477,382,3,2,"Stagnation in Nelder-Mead"
0.0557539557149742,1997.8119751477,382,3,2,"Stagnation in Nelder-Mead"
0.0720414370982758,1997.8119751477,382,3,2,"Stagnation in Nelder-Mead"
442.880444138462,1997.8119751477,382,3,2,"Stagnation in Nelder-Mead"
999.991446008646,1997.8119751477,382,3,2,"Stagnation in Nelder-Mead"
4.00597011113825,1997.8119751477,382,3,2,"Stagnation in Nelder-Mead"
