"par","value","feval","restarts","convergence","message"
0.00510026603710089,7962.76556785897,544,0,0,"Successful convergence"
0.0138078197771513,7962.76556785897,544,0,0,"Successful convergence"
0.117501051985408,7962.76556785897,544,0,0,"Successful convergence"
0.108149591748304,7962.76556785897,544,0,0,"Successful convergence"
0.0202951839549437,7962.76556785897,544,0,0,"Successful convergence"
299.939365923217,7962.76556785897,544,0,0,"Successful convergence"
31.9519849144827,7962.76556785897,544,0,0,"Successful convergence"
