"par","value","feval","restarts","convergence","message"
0.0591049717459946,2873.22066700887,565,1,0,"Successful convergence"
0.0924527265519776,2873.22066700887,565,1,0,"Successful convergence"
0.0398264512226345,2873.22066700887,565,1,0,"Successful convergence"
0.0250843310617833,2873.22066700887,565,1,0,"Successful convergence"
260.311076875554,2873.22066700887,565,1,0,"Successful convergence"
999.000000073838,2873.22066700887,565,1,0,"Successful convergence"
16.0147844555472,2873.22066700887,565,1,0,"Successful convergence"
