"par","value","feval","restarts","convergence","message"
0.0847254894406656,655.625462051538,540,1,0,"Successful convergence"
0.0421577061619182,655.625462051538,540,1,0,"Successful convergence"
0.0150112975124059,655.625462051538,540,1,0,"Successful convergence"
0.0018976624745724,655.625462051538,540,1,0,"Successful convergence"
6.74515377603863,655.625462051538,540,1,0,"Successful convergence"
999.981643800314,655.625462051538,540,1,0,"Successful convergence"
4.97998420090821,655.625462051538,540,1,0,"Successful convergence"
