"par","value","feval","restarts","convergence","message"
0.0268232325892772,8435.30158484034,287,0,0,"Successful convergence"
0.0200627454102031,8435.30158484034,287,0,0,"Successful convergence"
0.0820130549549931,8435.30158484034,287,0,0,"Successful convergence"
0.0478711066034924,8435.30158484034,287,0,0,"Successful convergence"
0.0167419463863006,8435.30158484034,287,0,0,"Successful convergence"
299.860108978695,8435.30158484034,287,0,0,"Successful convergence"
31.6383436711603,8435.30158484034,287,0,0,"Successful convergence"
