"par","value","feval","restarts","convergence","message"
0.116910242673588,2918.61913557945,224,3,2,"Stagnation in Nelder-Mead"
0.119978408744755,2918.61913557945,224,3,2,"Stagnation in Nelder-Mead"
0.119965999925958,2918.61913557945,224,3,2,"Stagnation in Nelder-Mead"
0.119755845154182,2918.61913557945,224,3,2,"Stagnation in Nelder-Mead"
9.22564737834405,2918.61913557945,224,3,2,"Stagnation in Nelder-Mead"
299.706409598924,2918.61913557945,224,3,2,"Stagnation in Nelder-Mead"
17.0087101591924,2918.61913557945,224,3,2,"Stagnation in Nelder-Mead"
