"par","value","feval","restarts","convergence","message"
0.0770209086124466,1816.36027883089,275,3,2,"Stagnation in Nelder-Mead"
0.0431880809259458,1816.36027883089,275,3,2,"Stagnation in Nelder-Mead"
0.11695718566191,1816.36027883089,275,3,2,"Stagnation in Nelder-Mead"
0.0680484162152953,1816.36027883089,275,3,2,"Stagnation in Nelder-Mead"
381.95134484067,1816.36027883089,275,3,2,"Stagnation in Nelder-Mead"
999.297933961403,1816.36027883089,275,3,2,"Stagnation in Nelder-Mead"
22.9937940344581,1816.36027883089,275,3,2,"Stagnation in Nelder-Mead"
