"par","value","feval","restarts","convergence","message"
0.10748433946524,1614.67672557654,298,3,2,"Stagnation in Nelder-Mead"
0.0611104190326921,1614.67672557654,298,3,2,"Stagnation in Nelder-Mead"
0.0241619940320987,1614.67672557654,298,3,2,"Stagnation in Nelder-Mead"
0.0927403209334269,1614.67672557654,298,3,2,"Stagnation in Nelder-Mead"
452.687789483735,1614.67672557654,298,3,2,"Stagnation in Nelder-Mead"
999.879906391272,1614.67672557654,298,3,2,"Stagnation in Nelder-Mead"
4.00969940248774,1614.67672557654,298,3,2,"Stagnation in Nelder-Mead"
