"par","value","feval","restarts","convergence","message"
0.0847241856374139,655.62546190569,851,2,0,"Successful convergence"
0.0421639492051424,655.62546190569,851,2,0,"Successful convergence"
0.0150125108599411,655.62546190569,851,2,0,"Successful convergence"
0.00189860738439412,655.62546190569,851,2,0,"Successful convergence"
6.74574956098312,655.62546190569,851,2,0,"Successful convergence"
999.999998402462,655.62546190569,851,2,0,"Successful convergence"
4.54259662988061,655.62546190569,851,2,0,"Successful convergence"
