"par","value","feval","restarts","convergence","message"
0.091353158018951,4149.52648558257,339,0,0,"Successful convergence"
0.086059991151585,4149.52648558257,339,0,0,"Successful convergence"
0.0488136882645683,4149.52648558257,339,0,0,"Successful convergence"
0.0263178668153853,4149.52648558257,339,0,0,"Successful convergence"
11.1418762953761,4149.52648558257,339,0,0,"Successful convergence"
299.872599251552,4149.52648558257,339,0,0,"Successful convergence"
16.7834421399054,4149.52648558257,339,0,0,"Successful convergence"
