"par","value","feval","restarts","convergence","message"
0.0900660205035593,2934.40826254999,600,1,0,"Successful convergence"
0.00378749297085391,2934.40826254999,600,1,0,"Successful convergence"
0.00760899636278201,2934.40826254999,600,1,0,"Successful convergence"
0.0255049757539616,2934.40826254999,600,1,0,"Successful convergence"
36.9290235746753,2934.40826254999,600,1,0,"Successful convergence"
999.999999999866,2934.40826254999,600,1,0,"Successful convergence"
7.70470536442572,2934.40826254999,600,1,0,"Successful convergence"
