"par","value","feval","restarts","convergence","message"
0.0643614364626546,2322.45596495331,284,0,0,"Successful convergence"
0.0421761488186921,2322.45596495331,284,0,0,"Successful convergence"
0.0868335379880076,2322.45596495331,284,0,0,"Successful convergence"
0.0922155590507801,2322.45596495331,284,0,0,"Successful convergence"
21.3786300549477,2322.45596495331,284,0,0,"Successful convergence"
299.998209445456,2322.45596495331,284,0,0,"Successful convergence"
0.0788348595591799,2322.45596495331,284,0,0,"Successful convergence"
