"par","value","feval","restarts","convergence","message"
0.119999885144052,2761.27748872459,722,3,2,"Stagnation in Nelder-Mead"
0.0560580424285896,2761.27748872459,722,3,2,"Stagnation in Nelder-Mead"
0.0296668092839095,2761.27748872459,722,3,2,"Stagnation in Nelder-Mead"
0.108148331013106,2761.27748872459,722,3,2,"Stagnation in Nelder-Mead"
15.9581538539633,2761.27748872459,722,3,2,"Stagnation in Nelder-Mead"
299.011677047872,2761.27748872459,722,3,2,"Stagnation in Nelder-Mead"
4.02181312452163,2761.27748872459,722,3,2,"Stagnation in Nelder-Mead"
