"par","value","feval","restarts","convergence","message"
0.0996458496514322,3464.10986833215,590,1,0,"Successful convergence"
0.0161238723329422,3464.10986833215,590,1,0,"Successful convergence"
0.0514751905975789,3464.10986833215,590,1,0,"Successful convergence"
0.0876964129876256,3464.10986833215,590,1,0,"Successful convergence"
10.9813926914385,3464.10986833215,590,1,0,"Successful convergence"
299.943409235086,3464.10986833215,590,1,0,"Successful convergence"
0.0521098854990871,3464.10986833215,590,1,0,"Successful convergence"
