"par","value","feval","restarts","convergence","message"
0.0847267241389059,655.625461854,753,1,0,"Successful convergence"
0.0421572272935372,655.625461854,753,1,0,"Successful convergence"
0.0150129647839045,655.625461854,753,1,0,"Successful convergence"
0.00189866114516498,655.625461854,753,1,0,"Successful convergence"
6.74568962307021,655.625461854,753,1,0,"Successful convergence"
999.997671635694,655.625461854,753,1,0,"Successful convergence"
4.15974063770238,655.625461854,753,1,0,"Successful convergence"
