"par","value","feval","restarts","convergence","message"
0.108805122725245,2835.01856967618,679,3,2,"Stagnation in Nelder-Mead"
0.0372012539087651,2835.01856967618,679,3,2,"Stagnation in Nelder-Mead"
0.118712597726296,2835.01856967618,679,3,2,"Stagnation in Nelder-Mead"
0.073231474731329,2835.01856967618,679,3,2,"Stagnation in Nelder-Mead"
16.8978803887893,2835.01856967618,679,3,2,"Stagnation in Nelder-Mead"
299.905933211613,2835.01856967618,679,3,2,"Stagnation in Nelder-Mead"
23.0003688631563,2835.01856967618,679,3,2,"Stagnation in Nelder-Mead"
