"par","value","feval","restarts","convergence","message"
0.0780079571894498,1816.28160580981,444,0,0,"Successful convergence"
0.043533901525399,1816.28160580981,444,0,0,"Successful convergence"
0.115558733785698,1816.28160580981,444,0,0,"Successful convergence"
0.0689861022521,1816.28160580981,444,0,0,"Successful convergence"
381.095929085443,1816.28160580981,444,0,0,"Successful convergence"
999.059937378796,1816.28160580981,444,0,0,"Successful convergence"
22.8467975728277,1816.28160580981,444,0,0,"Successful convergence"
