"par","value","feval","restarts","convergence","message"
0.119999999904619,5241.21039085633,408,0,0,"Successful convergence"
0.0779585488791465,5241.21039085633,408,0,0,"Successful convergence"
0.12,5241.21039085633,408,0,0,"Successful convergence"
0.12,5241.21039085633,408,0,0,"Successful convergence"
0.0519936417582745,5241.21039085633,408,0,0,"Successful convergence"
299.00093200958,5241.21039085633,408,0,0,"Successful convergence"
15.0516984008396,5241.21039085633,408,0,0,"Successful convergence"
