"par","value","feval","restarts","convergence","message"
0.119999999466113,8010.67977826966,729,1,0,"Successful convergence"
0.0213913936883679,8010.67977826966,729,1,0,"Successful convergence"
0.112428171606369,8010.67977826966,729,1,0,"Successful convergence"
0.0472401655276555,8010.67977826966,729,1,0,"Successful convergence"
0.03980543433032,8010.67977826966,729,1,0,"Successful convergence"
999.999980767647,8010.67977826966,729,1,0,"Successful convergence"
31.9999999999999,8010.67977826966,729,1,0,"Successful convergence"
