"par","value","feval","restarts","convergence","message"
0.0847284025588873,655.625462024348,970,2,0,"Successful convergence"
0.0421572744356093,655.625462024348,970,2,0,"Successful convergence"
0.0150136896276596,655.625462024348,970,2,0,"Successful convergence"
0.00189847057756152,655.625462024348,970,2,0,"Successful convergence"
6.74558636716748,655.625462024348,970,2,0,"Successful convergence"
999.995956207877,655.625462024348,970,2,0,"Successful convergence"
4.21803222807247,655.625462024348,970,2,0,"Successful convergence"
