"par","value","feval","restarts","convergence","message"
0.119999999103506,3472.77654709209,827,0,0,"Successful convergence"
0.0520104417231584,3472.77654709209,827,0,0,"Successful convergence"
0.0297563787991223,3472.77654709209,827,0,0,"Successful convergence"
0.0409127352391793,3472.77654709209,827,0,0,"Successful convergence"
14.5338063582854,3472.77654709209,827,0,0,"Successful convergence"
299.000000123348,3472.77654709209,827,0,0,"Successful convergence"
11.2749968223143,3472.77654709209,827,0,0,"Successful convergence"
