"par","value","feval","restarts","convergence","message"
4.11304323932882e-13,24.2177212537154,404,0,0,"Successful convergence"
0.0435208782925931,24.2177212537154,404,0,0,"Successful convergence"
0,24.2177212537154,404,0,0,"Successful convergence"
0.0652845858041494,24.2177212537154,404,0,0,"Successful convergence"
999.99952348549,24.2177212537154,404,0,0,"Successful convergence"
1000,24.2177212537154,404,0,0,"Successful convergence"
13.2181963070909,24.2177212537154,404,0,0,"Successful convergence"
