"par","value","feval","restarts","convergence","message"
0.00190302027954378,1896.38926025499,887,1,0,"Successful convergence"
0.110361849263632,1896.38926025499,887,1,0,"Successful convergence"
0.0924850376203555,1896.38926025499,887,1,0,"Successful convergence"
0.119999998948183,1896.38926025499,887,1,0,"Successful convergence"
16.5301175905279,1896.38926025499,887,1,0,"Successful convergence"
299.984773802838,1896.38926025499,887,1,0,"Successful convergence"
7.12599301898668,1896.38926025499,887,1,0,"Successful convergence"
