"par","value","feval","restarts","convergence","message"
0.000836172328128502,1655.60325155871,656,1,0,"Successful convergence"
0.0468184853879809,1655.60325155871,656,1,0,"Successful convergence"
0.0669060436140118,1655.60325155871,656,1,0,"Successful convergence"
0.103997557609035,1655.60325155871,656,1,0,"Successful convergence"
599.995958501076,1655.60325155871,656,1,0,"Successful convergence"
999.998292380453,1655.60325155871,656,1,0,"Successful convergence"
15.5863775838715,1655.60325155871,656,1,0,"Successful convergence"
