"par","value","feval","restarts","convergence","message"
0.0591011928139321,2873.22067331208,368,0,0,"Successful convergence"
0.0924493740477727,2873.22067331208,368,0,0,"Successful convergence"
0.0398259732904291,2873.22067331208,368,0,0,"Successful convergence"
0.0250842436013335,2873.22067331208,368,0,0,"Successful convergence"
260.339994275693,2873.22067331208,368,0,0,"Successful convergence"
999.213620846633,2873.22067331208,368,0,0,"Successful convergence"
16.2043404709344,2873.22067331208,368,0,0,"Successful convergence"
