"par","value","feval","restarts","convergence","message"
0.119999999999976,5179.40867170244,239,0,0,"Successful convergence"
0.119999887599909,5179.40867170244,239,0,0,"Successful convergence"
0.11999999999929,5179.40867170244,239,0,0,"Successful convergence"
0.12,5179.40867170244,239,0,0,"Successful convergence"
0.18205827807406,5179.40867170244,239,0,0,"Successful convergence"
299.99999999871,5179.40867170244,239,0,0,"Successful convergence"
32,5179.40867170244,239,0,0,"Successful convergence"
