"par","value","feval","restarts","convergence","message"
0.11999999672239,2199.81183207301,944,2,0,"Successful convergence"
0.0770089750243555,2199.81183207301,944,2,0,"Successful convergence"
0.111247182669978,2199.81183207301,944,2,0,"Successful convergence"
0.0715779494902185,2199.81183207301,944,2,0,"Successful convergence"
18.7860822270726,2199.81183207301,944,2,0,"Successful convergence"
299.19171155222,2199.81183207301,944,2,0,"Successful convergence"
6.95093453855971,2199.81183207301,944,2,0,"Successful convergence"
