"par","value","feval","restarts","convergence","message"
0.119999999743733,2247.91156576581,570,0,0,"Successful convergence"
0.0554842909742494,2247.91156576581,570,0,0,"Successful convergence"
0.0196787008790223,2247.91156576581,570,0,0,"Successful convergence"
0.0296394641630643,2247.91156576581,570,0,0,"Successful convergence"
599.999621033644,2247.91156576581,570,0,0,"Successful convergence"
999.890602689349,2247.91156576581,570,0,0,"Successful convergence"
11.9646017299087,2247.91156576581,570,0,0,"Successful convergence"
