"par","value","feval","restarts","convergence","message"
0.119999898838853,5149.48033456686,623,3,2,"Stagnation in Nelder-Mead"
0.00011897930116243,5149.48033456686,623,3,2,"Stagnation in Nelder-Mead"
0.119999999999999,5149.48033456686,623,3,2,"Stagnation in Nelder-Mead"
0.119999999999976,5149.48033456686,623,3,2,"Stagnation in Nelder-Mead"
0.165608085422997,5149.48033456686,623,3,2,"Stagnation in Nelder-Mead"
299.936828168725,5149.48033456686,623,3,2,"Stagnation in Nelder-Mead"
21.9929852980254,5149.48033456686,623,3,2,"Stagnation in Nelder-Mead"
